﻿<error errorId="16ad7b04-41b2-4249-a49b-6b3b8525491f" application="/LM/W3SVC/3/ROOT" host="TDYKSTRA6VM3" type="System.Web.HttpException" message="The file '/Studentsxxx.aspx' does not exist." source="System.Web" detail="System.Web.HttpException (0x80004005): The file '/Studentsxxx.aspx' does not exist.&#xD;&#xA;   at System.Web.UI.Util.CheckVirtualFileExists(VirtualPath virtualPath)&#xD;&#xA;   at System.Web.Compilation.BuildManager.GetVPathBuildResultInternal(VirtualPath virtualPath, Boolean noBuild, Boolean allowCrossApp, Boolean allowBuildInPrecompile, Boolean throwIfNotFound, Boolean ensureIsUpToDate)&#xD;&#xA;   at System.Web.Compilation.BuildManager.GetVPathBuildResultWithNoAssert(HttpContext context, VirtualPath virtualPath, Boolean noBuild, Boolean allowCrossApp, Boolean allowBuildInPrecompile, Boolean throwIfNotFound, Boolean ensureIsUpToDate)&#xD;&#xA;   at System.Web.Compilation.BuildManager.GetVirtualPathObjectFactory(VirtualPath virtualPath, HttpContext context, Boolean allowCrossApp, Boolean throwIfNotFound)&#xD;&#xA;   at System.Web.Compilation.BuildManager.CreateInstanceFromVirtualPath(VirtualPath virtualPath, Type requiredBaseType, HttpContext context, Boolean allowCrossApp)&#xD;&#xA;   at System.Web.UI.PageHandlerFactory.GetHandlerHelper(HttpContext context, String requestType, VirtualPath virtualPath, String physicalPath)&#xD;&#xA;   at System.Web.UI.PageHandlerFactory.GetHandler(HttpContext context, String requestType, String virtualPath, String path)&#xD;&#xA;   at System.Web.HttpApplication.MaterializeHandlerExecutionStep.System.Web.HttpApplication.IExecutionStep.Execute()&#xD;&#xA;   at System.Web.HttpApplication.ExecuteStep(IExecutionStep step, Boolean&amp; completedSynchronously)" time="2013-02-18T20:01:45.9805645Z" statusCode="404">
  <serverVariables>
    <item name="ALL_HTTP">
      <value string="HTTP_CONNECTION:Keep-Alive&#xD;&#xA;HTTP_ACCEPT:text/html, application/xhtml+xml, */*&#xD;&#xA;HTTP_ACCEPT_ENCODING:gzip, deflate&#xD;&#xA;HTTP_ACCEPT_LANGUAGE:en-US&#xD;&#xA;HTTP_COOKIE:__AntiXsrfToken=d68d374e9903482f8128fd5f5cc479f8&#xD;&#xA;HTTP_HOST:localhost:21456&#xD;&#xA;HTTP_USER_AGENT:Mozilla/5.0 (compatible; MSIE 10.0; Windows NT 6.2; WOW64; Trident/6.0)&#xD;&#xA;HTTP_DNT:1&#xD;&#xA;" />
    </item>
    <item name="ALL_RAW">
      <value string="Connection: Keep-Alive&#xD;&#xA;Accept: text/html, application/xhtml+xml, */*&#xD;&#xA;Accept-Encoding: gzip, deflate&#xD;&#xA;Accept-Language: en-US&#xD;&#xA;Cookie: __AntiXsrfToken=d68d374e9903482f8128fd5f5cc479f8&#xD;&#xA;Host: localhost:21456&#xD;&#xA;User-Agent: Mozilla/5.0 (compatible; MSIE 10.0; Windows NT 6.2; WOW64; Trident/6.0)&#xD;&#xA;DNT: 1&#xD;&#xA;" />
    </item>
    <item name="APPL_MD_PATH">
      <value string="/LM/W3SVC/3/ROOT" />
    </item>
    <item name="APPL_PHYSICAL_PATH">
      <value string="C:\DeployEnd\ContosoUniversity\" />
    </item>
    <item name="AUTH_TYPE">
      <value string="" />
    </item>
    <item name="AUTH_USER">
      <value string="" />
    </item>
    <item name="AUTH_PASSWORD">
      <value string="*****" />
    </item>
    <item name="LOGON_USER">
      <value string="" />
    </item>
    <item name="REMOTE_USER">
      <value string="" />
    </item>
    <item name="CERT_COOKIE">
      <value string="" />
    </item>
    <item name="CERT_FLAGS">
      <value string="" />
    </item>
    <item name="CERT_ISSUER">
      <value string="" />
    </item>
    <item name="CERT_KEYSIZE">
      <value string="" />
    </item>
    <item name="CERT_SECRETKEYSIZE">
      <value string="" />
    </item>
    <item name="CERT_SERIALNUMBER">
      <value string="" />
    </item>
    <item name="CERT_SERVER_ISSUER">
      <value string="" />
    </item>
    <item name="CERT_SERVER_SUBJECT">
      <value string="" />
    </item>
    <item name="CERT_SUBJECT">
      <value string="" />
    </item>
    <item name="CONTENT_LENGTH">
      <value string="0" />
    </item>
    <item name="CONTENT_TYPE">
      <value string="" />
    </item>
    <item name="GATEWAY_INTERFACE">
      <value string="CGI/1.1" />
    </item>
    <item name="HTTPS">
      <value string="off" />
    </item>
    <item name="HTTPS_KEYSIZE">
      <value string="" />
    </item>
    <item name="HTTPS_SECRETKEYSIZE">
      <value string="" />
    </item>
    <item name="HTTPS_SERVER_ISSUER">
      <value string="" />
    </item>
    <item name="HTTPS_SERVER_SUBJECT">
      <value string="" />
    </item>
    <item name="INSTANCE_ID">
      <value string="3" />
    </item>
    <item name="INSTANCE_META_PATH">
      <value string="/LM/W3SVC/3" />
    </item>
    <item name="LOCAL_ADDR">
      <value string="::1" />
    </item>
    <item name="PATH_INFO">
      <value string="/Studentsxxx.aspx" />
    </item>
    <item name="PATH_TRANSLATED">
      <value string="C:\DeployEnd\ContosoUniversity\Studentsxxx.aspx" />
    </item>
    <item name="QUERY_STRING">
      <value string="" />
    </item>
    <item name="REMOTE_ADDR">
      <value string="::1" />
    </item>
    <item name="REMOTE_HOST">
      <value string="::1" />
    </item>
    <item name="REMOTE_PORT">
      <value string="12720" />
    </item>
    <item name="REQUEST_METHOD">
      <value string="GET" />
    </item>
    <item name="SCRIPT_NAME">
      <value string="/Studentsxxx.aspx" />
    </item>
    <item name="SERVER_NAME">
      <value string="localhost" />
    </item>
    <item name="SERVER_PORT">
      <value string="21456" />
    </item>
    <item name="SERVER_PORT_SECURE">
      <value string="0" />
    </item>
    <item name="SERVER_PROTOCOL">
      <value string="HTTP/1.1" />
    </item>
    <item name="SERVER_SOFTWARE">
      <value string="Microsoft-IIS/8.0" />
    </item>
    <item name="URL">
      <value string="/Studentsxxx.aspx" />
    </item>
    <item name="HTTP_CONNECTION">
      <value string="Keep-Alive" />
    </item>
    <item name="HTTP_ACCEPT">
      <value string="text/html, application/xhtml+xml, */*" />
    </item>
    <item name="HTTP_ACCEPT_ENCODING">
      <value string="gzip, deflate" />
    </item>
    <item name="HTTP_ACCEPT_LANGUAGE">
      <value string="en-US" />
    </item>
    <item name="HTTP_COOKIE">
      <value string="__AntiXsrfToken=d68d374e9903482f8128fd5f5cc479f8" />
    </item>
    <item name="HTTP_HOST">
      <value string="localhost:21456" />
    </item>
    <item name="HTTP_USER_AGENT">
      <value string="Mozilla/5.0 (compatible; MSIE 10.0; Windows NT 6.2; WOW64; Trident/6.0)" />
    </item>
    <item name="HTTP_DNT">
      <value string="1" />
    </item>
  </serverVariables>
  <cookies>
    <item name="__AntiXsrfToken">
      <value string="d68d374e9903482f8128fd5f5cc479f8" />
    </item>
  </cookies>
</error>